recorded_time,temperature,sensor_type
2022-03-18T00:00,-1.3670107406019731,UNKNOWN
2022-03-18T00:01,-1.1670107406019739,UNKNOWN
2022-03-18T00:02,-0.967010740601971,UNKNOWN
2022-03-18T00:03,-0.6670107406019739,UNKNOWN
2022-03-18T00:04,-0.467010740601971,UNKNOWN
2022-03-18T00:05,-0.16701074060197385,UNKNOWN
2022-03-18T00:06,0.03298925939802899,UNKNOWN
2022-03-18T00:07,0.23298925939802473,UNKNOWN
2022-03-18T00:08,0.33298925939802615,UNKNOWN
2022-03-18T00:09,0.43298925939802757,UNKNOWN
2022-03-18T00:10,0.532989259398029,UNKNOWN
2022-03-18T00:11,0.6329892593980304,UNKNOWN
2022-03-18T00:12,0.7329892593980247,UNKNOWN
2022-03-18T00:13,0.8329892593980261,UNKNOWN
2022-03-18T00:14,0.9329892593980276,UNKNOWN
2022-03-18T00:15,0.9329892593980276,UNKNOWN
2022-03-18T00:16,1.032989259398029,UNKNOWN
2022-03-18T00:17,1.1329892593980304,UNKNOWN
2022-03-18T00:18,1.1329892593980304,UNKNOWN
2022-03-18T00:19,1.2329892593980247,UNKNOWN
2022-03-18T00:20,1.2329892593980247,UNKNOWN
2022-03-18T00:21,1.3329892593980261,UNKNOWN
2022-03-18T00:22,1.4329892593980276,UNKNOWN
2022-03-18T00:23,1.532989259398029,UNKNOWN
2022-03-18T00:24,1.532989259398029,UNKNOWN
2022-03-18T00:25,1.532989259398029,UNKNOWN
2022-03-18T00:26,1.6329892593980304,UNKNOWN
2022-03-18T00:27,1.6329892593980304,UNKNOWN
2022-03-18T00:28,1.6329892593980304,UNKNOWN
2022-03-18T00:29,1.7329892593980247,UNKNOWN
2022-03-18T00:30,1.7329892593980247,UNKNOWN
2022-03-18T00:31,1.7329892593980247,UNKNOWN
2022-03-18T00:32,1.7329892593980247,UNKNOWN
2022-03-18T00:33,1.8329892593980261,UNKNOWN
2022-03-18T00:34,1.8329892593980261,UNKNOWN
2022-03-18T00:35,1.8329892593980261,UNKNOWN
2022-03-18T00:36,1.8329892593980261,UNKNOWN
2022-03-18T00:37,1.8329892593980261,UNKNOWN
2022-03-18T00:38,1.9329892593980276,UNKNOWN
2022-03-18T00:39,1.9329892593980276,UNKNOWN
2022-03-18T00:40,1.9329892593980276,UNKNOWN
2022-03-18T00:41,1.9329892593980276,UNKNOWN
2022-03-18T00:42,1.9329892593980276,UNKNOWN
2022-03-18T00:43,2.032989259398029,UNKNOWN
2022-03-18T00:44,2.032989259398029,UNKNOWN
2022-03-18T00:45,2.032989259398029,UNKNOWN
2022-03-18T00:46,2.032989259398029,UNKNOWN
2022-03-18T00:47,2.032989259398029,UNKNOWN
2022-03-18T00:48,2.032989259398029,UNKNOWN
2022-03-18T00:49,2.032989259398029,UNKNOWN
2022-03-18T00:50,2.032989259398029,UNKNOWN
2022-03-18T00:51,2.1329892593980304,UNKNOWN
2022-03-18T00:52,2.1329892593980304,UNKNOWN
2022-03-18T00:53,2.032989259398029,UNKNOWN
2022-03-18T00:54,1.7329892593980247,UNKNOWN
2022-03-18T00:55,1.4329892593980276,UNKNOWN
2022-03-18T00:56,1.032989259398029,UNKNOWN
2022-03-18T00:57,0.7329892593980247,UNKNOWN
2022-03-18T00:58,0.532989259398029,UNKNOWN
2022-03-18T00:59,0.33298925939802615,UNKNOWN
2022-03-18T01:00,-0.06701074060197243,UNKNOWN
2022-03-18T01:01,-0.467010740601971,UNKNOWN
2022-03-18T01:02,-0.6670107406019739,UNKNOWN
2022-03-18T01:03,-0.8670107406019731,UNKNOWN
2022-03-18T01:04,-0.967010740601971,UNKNOWN
2022-03-18T01:05,-1.0670107406019724,UNKNOWN
2022-03-18T01:06,-1.0670107406019724,UNKNOWN
2022-03-18T01:07,-1.0670107406019724,UNKNOWN
2022-03-18T01:08,-1.1670107406019739,UNKNOWN
2022-03-18T01:09,-1.1670107406019739,UNKNOWN
2022-03-18T01:10,-1.2670107406019717,UNKNOWN
2022-03-18T01:11,-1.2670107406019717,UNKNOWN
2022-03-18T01:12,-1.2670107406019717,UNKNOWN
2022-03-18T01:13,-1.2670107406019717,UNKNOWN
2022-03-18T01:14,-1.2670107406019717,UNKNOWN
2022-03-18T01:15,-1.3670107406019731,UNKNOWN
2022-03-18T01:16,-1.3670107406019731,UNKNOWN
2022-03-18T01:17,-1.3670107406019731,UNKNOWN
2022-03-18T01:18,-1.3670107406019731,UNKNOWN
2022-03-18T01:19,-1.3670107406019731,UNKNOWN
2022-03-18T01:20,-1.3670107406019731,UNKNOWN
2022-03-18T01:21,-1.3670107406019731,UNKNOWN
2022-03-18T01:22,-1.3670107406019731,UNKNOWN
2022-03-18T01:23,-1.3670107406019731,UNKNOWN
2022-03-18T01:24,-1.3670107406019731,UNKNOWN
2022-03-18T01:25,-1.3670107406019731,UNKNOWN
2022-03-18T01:26,-1.467010740601971,UNKNOWN
2022-03-18T01:27,-1.467010740601971,UNKNOWN
2022-03-18T01:28,-1.5670107406019724,UNKNOWN
2022-03-18T01:29,-1.7670107406019717,UNKNOWN
2022-03-18T01:30,-1.7670107406019717,UNKNOWN
2022-03-18T01:31,-1.8670107406019731,UNKNOWN
2022-03-18T01:32,-1.8670107406019731,UNKNOWN
2022-03-18T01:33,-1.8670107406019731,UNKNOWN
2022-03-18T01:34,-1.8670107406019731,UNKNOWN
2022-03-18T01:35,-1.8670107406019731,UNKNOWN
2022-03-18T01:36,-1.8670107406019731,UNKNOWN
2022-03-18T01:37,-1.8670107406019731,UNKNOWN
2022-03-18T01:38,-1.967010740601971,UNKNOWN
2022-03-18T01:39,-1.8670107406019731,UNKNOWN
2022-03-18T01:40,-1.967010740601971,UNKNOWN
2022-03-18T01:41,-2.0670107406019724,UNKNOWN
2022-03-18T01:42,-2.0670107406019724,UNKNOWN
2022-03-18T01:43,-2.0670107406019724,UNKNOWN
2022-03-18T01:44,-2.167010740601974,UNKNOWN
2022-03-18T01:45,-2.2670107406019717,UNKNOWN
2022-03-18T01:46,-2.2670107406019717,UNKNOWN
2022-03-18T01:47,-2.2670107406019717,UNKNOWN
2022-03-18T01:48,-2.2670107406019717,UNKNOWN
2022-03-18T01:49,-2.2670107406019717,UNKNOWN
2022-03-18T01:50,-2.2670107406019717,UNKNOWN
2022-03-18T01:51,-2.2670107406019717,UNKNOWN
2022-03-18T01:52,-2.467010740601971,UNKNOWN
2022-03-18T01:53,-2.5670107406019724,UNKNOWN
2022-03-18T01:54,-2.5670107406019724,UNKNOWN
2022-03-18T01:55,-2.667010740601974,UNKNOWN
2022-03-18T01:56,-2.667010740601974,UNKNOWN
2022-03-18T01:57,-2.667010740601974,UNKNOWN
2022-03-18T01:58,-2.467010740601971,UNKNOWN
2022-03-18T01:59,-2.2670107406019717,UNKNOWN
2022-03-18T02:00,-2.0670107406019724,UNKNOWN
2022-03-18T02:01,-1.8670107406019731,UNKNOWN
2022-03-18T02:02,-1.6670107406019739,UNKNOWN
2022-03-18T02:03,-1.5670107406019724,UNKNOWN
2022-03-18T02:04,-1.3670107406019731,UNKNOWN
2022-03-18T02:05,-1.2670107406019717,UNKNOWN
2022-03-18T02:06,-1.1670107406019739,UNKNOWN
2022-03-18T02:07,-1.0670107406019724,UNKNOWN
2022-03-18T02:08,-0.967010740601971,UNKNOWN
2022-03-18T02:09,-0.967010740601971,UNKNOWN
2022-03-18T02:10,-0.8670107406019731,UNKNOWN
2022-03-18T02:11,-0.8670107406019731,UNKNOWN
2022-03-18T02:12,-0.7670107406019717,UNKNOWN
2022-03-18T02:13,-0.6670107406019739,UNKNOWN
2022-03-18T02:14,-0.5670107406019724,UNKNOWN
2022-03-18T02:15,-0.467010740601971,UNKNOWN
2022-03-18T02:16,-0.36701074060197314,UNKNOWN
2022-03-18T02:17,-0.2670107406019717,UNKNOWN
2022-03-18T02:18,-0.16701074060197385,UNKNOWN
2022-03-18T02:19,-0.06701074060197243,UNKNOWN
2022-03-18T02:20,-0.06701074060197243,UNKNOWN
2022-03-18T02:21,0.03298925939802899,UNKNOWN
2022-03-18T02:22,0.03298925939802899,UNKNOWN
2022-03-18T02:23,0.1329892593980304,UNKNOWN
2022-03-18T02:24,0.1329892593980304,UNKNOWN
2022-03-18T02:25,0.23298925939802473,UNKNOWN
2022-03-18T02:26,0.23298925939802473,UNKNOWN
2022-03-18T02:27,0.23298925939802473,UNKNOWN
2022-03-18T02:28,0.33298925939802615,UNKNOWN
2022-03-18T02:29,0.33298925939802615,UNKNOWN
2022-03-18T02:30,0.43298925939802757,UNKNOWN
2022-03-18T02:31,0.33298925939802615,UNKNOWN
2022-03-18T02:32,0.03298925939802899,UNKNOWN
2022-03-18T02:33,-0.2670107406019717,UNKNOWN
2022-03-18T02:34,-0.6670107406019739,UNKNOWN
2022-03-18T02:35,-0.967010740601971,UNKNOWN
2022-03-18T02:36,-1.1670107406019739,UNKNOWN
2022-03-18T02:37,-1.3670107406019731,UNKNOWN
2022-03-18T02:38,-1.5670107406019724,UNKNOWN
2022-03-18T02:39,-1.6670107406019739,UNKNOWN
2022-03-18T02:40,-1.8670107406019731,UNKNOWN
2022-03-18T02:41,-1.967010740601971,UNKNOWN
2022-03-18T02:42,-2.0670107406019724,UNKNOWN
2022-03-18T02:43,-2.0670107406019724,UNKNOWN
2022-03-18T02:44,-2.167010740601974,UNKNOWN
2022-03-18T02:45,-2.2670107406019717,UNKNOWN
2022-03-18T02:46,-2.2670107406019717,UNKNOWN
2022-03-18T02:47,-2.367010740601973,UNKNOWN
2022-03-18T02:48,-2.367010740601973,UNKNOWN
2022-03-18T02:49,-2.367010740601973,UNKNOWN
2022-03-18T02:50,-2.367010740601973,UNKNOWN
2022-03-18T02:51,-2.467010740601971,UNKNOWN
2022-03-18T02:52,-2.467010740601971,UNKNOWN
2022-03-18T02:53,-2.367010740601973,UNKNOWN
2022-03-18T02:54,-2.367010740601973,UNKNOWN
2022-03-18T02:55,-2.367010740601973,UNKNOWN
2022-03-18T02:56,-2.367010740601973,UNKNOWN
2022-03-18T02:57,-2.367010740601973,UNKNOWN
2022-03-18T02:58,-2.367010740601973,UNKNOWN
2022-03-18T02:59,-2.367010740601973,UNKNOWN
2022-03-18T03:00,-2.467010740601971,UNKNOWN
2022-03-18T03:01,-2.467010740601971,UNKNOWN
2022-03-18T03:02,-2.467010740601971,UNKNOWN
2022-03-18T03:03,-2.467010740601971,UNKNOWN
2022-03-18T03:04,-2.467010740601971,UNKNOWN
2022-03-18T03:05,-2.5670107406019724,UNKNOWN
2022-03-18T03:06,-2.5670107406019724,UNKNOWN
2022-03-18T03:07,-2.5670107406019724,UNKNOWN
2022-03-18T03:08,-2.5670107406019724,UNKNOWN
2022-03-18T03:09,-2.5670107406019724,UNKNOWN
2022-03-18T03:10,-2.5670107406019724,UNKNOWN
2022-03-18T03:11,-2.667010740601974,UNKNOWN
2022-03-18T03:12,-2.667010740601974,UNKNOWN
2022-03-18T03:13,-2.667010740601974,UNKNOWN
2022-03-18T03:14,-2.667010740601974,UNKNOWN
2022-03-18T03:15,-2.667010740601974,UNKNOWN
2022-03-18T03:16,-2.667010740601974,UNKNOWN
2022-03-18T03:17,-2.667010740601974,UNKNOWN
2022-03-18T03:18,-2.667010740601974,UNKNOWN
2022-03-18T03:19,-2.667010740601974,UNKNOWN
2022-03-18T03:20,-2.7670107406019717,UNKNOWN
2022-03-18T03:21,-2.7670107406019717,UNKNOWN
2022-03-18T03:22,-2.7670107406019717,UNKNOWN
2022-03-18T03:23,-2.667010740601974,UNKNOWN
2022-03-18T03:24,-2.5670107406019724,UNKNOWN
2022-03-18T03:25,-2.467010740601971,UNKNOWN
2022-03-18T03:26,-2.467010740601971,UNKNOWN
2022-03-18T03:27,-2.467010740601971,UNKNOWN
2022-03-18T03:28,-2.367010740601973,UNKNOWN
2022-03-18T03:29,-2.367010740601973,UNKNOWN
2022-03-18T03:30,-2.367010740601973,UNKNOWN
2022-03-18T03:31,-2.367010740601973,UNKNOWN
2022-03-18T03:32,-2.467010740601971,UNKNOWN
2022-03-18T03:33,-2.5670107406019724,UNKNOWN
2022-03-18T03:34,-2.667010740601974,UNKNOWN
2022-03-18T03:35,-2.7670107406019717,UNKNOWN
2022-03-18T03:36,-2.7670107406019717,UNKNOWN
2022-03-18T03:37,-2.867010740601973,UNKNOWN
2022-03-18T03:38,-2.867010740601973,UNKNOWN
2022-03-18T03:39,-2.967010740601971,UNKNOWN
2022-03-18T03:40,-3.0670107406019724,UNKNOWN
2022-03-18T03:41,-3.167010740601974,UNKNOWN
2022-03-18T03:42,-3.167010740601974,UNKNOWN
2022-03-18T03:43,-3.167010740601974,UNKNOWN
2022-03-18T03:44,-2.7670107406019717,UNKNOWN
2022-03-18T03:45,-2.367010740601973,UNKNOWN
2022-03-18T03:46,-1.967010740601971,UNKNOWN
2022-03-18T03:47,-1.6670107406019739,UNKNOWN
2022-03-18T03:48,-1.3670107406019731,UNKNOWN
2022-03-18T03:49,-1.0670107406019724,UNKNOWN
2022-03-18T03:50,-0.8670107406019731,UNKNOWN
2022-03-18T03:51,-0.6670107406019739,UNKNOWN
2022-03-18T03:52,-0.467010740601971,UNKNOWN
2022-03-18T03:53,-0.2670107406019717,UNKNOWN
2022-03-18T03:54,-0.06701074060197243,UNKNOWN
2022-03-18T03:55,0.03298925939802899,UNKNOWN
2022-03-18T03:56,0.23298925939802473,UNKNOWN
2022-03-18T03:57,0.33298925939802615,UNKNOWN
2022-03-18T03:58,0.43298925939802757,UNKNOWN
2022-03-18T03:59,0.532989259398029,UNKNOWN
2022-03-18T04:00,0.6329892593980304,UNKNOWN
2022-03-18T04:01,0.7329892593980247,UNKNOWN
2022-03-18T04:02,0.8329892593980261,UNKNOWN
2022-03-18T04:03,0.9329892593980276,UNKNOWN
2022-03-18T04:04,0.9329892593980276,UNKNOWN
2022-03-18T04:05,1.032989259398029,UNKNOWN
2022-03-18T04:06,1.1329892593980304,UNKNOWN
2022-03-18T04:07,1.2329892593980247,UNKNOWN
2022-03-18T04:08,1.2329892593980247,UNKNOWN
2022-03-18T04:09,1.3329892593980261,UNKNOWN
2022-03-18T04:10,1.4329892593980276,UNKNOWN
2022-03-18T04:11,1.4329892593980276,UNKNOWN
2022-03-18T04:12,1.532989259398029,UNKNOWN
2022-03-18T04:13,1.7329892593980247,UNKNOWN
2022-03-18T04:14,1.8329892593980261,UNKNOWN
2022-03-18T04:15,1.9329892593980276,UNKNOWN
2022-03-18T04:16,2.032989259398029,UNKNOWN
2022-03-18T04:17,2.1329892593980304,UNKNOWN
2022-03-18T04:18,2.1329892593980304,UNKNOWN
2022-03-18T04:19,2.2329892593980247,UNKNOWN
2022-03-18T04:20,2.2329892593980247,UNKNOWN
2022-03-18T04:21,2.2329892593980247,UNKNOWN
2022-03-18T04:22,2.332989259398026,UNKNOWN
2022-03-18T04:23,2.332989259398026,UNKNOWN
2022-03-18T04:24,2.4329892593980276,UNKNOWN
2022-03-18T04:25,2.4329892593980276,UNKNOWN
2022-03-18T04:26,2.4329892593980276,UNKNOWN
2022-03-18T04:27,2.532989259398029,UNKNOWN
2022-03-18T04:28,2.532989259398029,UNKNOWN
2022-03-18T04:29,2.532989259398029,UNKNOWN
2022-03-18T04:30,2.532989259398029,UNKNOWN
2022-03-18T04:31,2.532989259398029,UNKNOWN
2022-03-18T04:32,2.6329892593980304,UNKNOWN
2022-03-18T04:33,2.6329892593980304,UNKNOWN
2022-03-18T04:34,2.6329892593980304,UNKNOWN
2022-03-18T04:35,2.6329892593980304,UNKNOWN
2022-03-18T04:36,2.6329892593980304,UNKNOWN
2022-03-18T04:37,2.7329892593980247,UNKNOWN
2022-03-18T04:38,2.7329892593980247,UNKNOWN
2022-03-18T04:39,2.7329892593980247,UNKNOWN
2022-03-18T04:40,2.7329892593980247,UNKNOWN
2022-03-18T04:41,2.7329892593980247,UNKNOWN
2022-03-18T04:42,2.7329892593980247,UNKNOWN
2022-03-18T04:43,2.7329892593980247,UNKNOWN
2022-03-18T04:44,2.7329892593980247,UNKNOWN
2022-03-18T04:45,2.7329892593980247,UNKNOWN
2022-03-18T04:46,2.832989259398026,UNKNOWN
2022-03-18T04:47,2.832989259398026,UNKNOWN
2022-03-18T04:48,2.832989259398026,UNKNOWN
2022-03-18T04:49,2.832989259398026,UNKNOWN
2022-03-18T04:50,2.832989259398026,UNKNOWN
2022-03-18T04:51,2.832989259398026,UNKNOWN
2022-03-18T04:52,2.832989259398026,UNKNOWN
2022-03-18T04:53,2.832989259398026,UNKNOWN
2022-03-18T04:54,2.9329892593980276,UNKNOWN
2022-03-18T04:55,2.9329892593980276,UNKNOWN
2022-03-18T04:56,2.832989259398026,UNKNOWN
2022-03-18T04:57,2.7329892593980247,UNKNOWN
2022-03-18T04:58,2.532989259398029,UNKNOWN
2022-03-18T04:59,2.4329892593980276,UNKNOWN
2022-03-18T05:00,2.4329892593980276,UNKNOWN
2022-03-18T05:01,2.332989259398026,UNKNOWN
2022-03-18T05:02,2.2329892593980247,UNKNOWN
2022-03-18T05:03,2.1329892593980304,UNKNOWN
2022-03-18T05:04,2.1329892593980304,UNKNOWN
2022-03-18T05:05,2.032989259398029,UNKNOWN
2022-03-18T05:06,2.032989259398029,UNKNOWN
2022-03-18T05:07,2.032989259398029,UNKNOWN
2022-03-18T05:08,2.032989259398029,UNKNOWN
2022-03-18T05:09,1.9329892593980276,UNKNOWN
2022-03-18T05:10,1.9329892593980276,UNKNOWN
2022-03-18T05:11,1.9329892593980276,UNKNOWN
2022-03-18T05:12,1.8329892593980261,UNKNOWN
2022-03-18T05:13,1.9329892593980276,UNKNOWN
2022-03-18T05:14,1.8329892593980261,UNKNOWN
2022-03-18T05:15,1.6329892593980304,UNKNOWN
2022-03-18T05:16,1.2329892593980247,UNKNOWN
2022-03-18T05:17,0.8329892593980261,UNKNOWN
2022-03-18T05:18,0.43298925939802757,UNKNOWN
2022-03-18T05:19,0.23298925939802473,UNKNOWN
2022-03-18T05:20,-0.06701074060197243,UNKNOWN
2022-03-18T05:21,-0.2670107406019717,UNKNOWN
2022-03-18T05:22,-0.467010740601971,UNKNOWN
2022-03-18T05:23,-0.5670107406019724,UNKNOWN
2022-03-18T05:24,-0.7670107406019717,UNKNOWN
2022-03-18T05:25,-0.8670107406019731,UNKNOWN
2022-03-18T05:26,-0.967010740601971,UNKNOWN
2022-03-18T05:27,-1.1670107406019739,UNKNOWN
2022-03-18T05:28,-1.1670107406019739,UNKNOWN
2022-03-18T05:29,-1.0670107406019724,UNKNOWN
2022-03-18T05:30,-1.0670107406019724,UNKNOWN
2022-03-18T05:31,-0.967010740601971,UNKNOWN
2022-03-18T05:32,-0.8670107406019731,UNKNOWN
2022-03-18T05:33,-0.7670107406019717,UNKNOWN
2022-03-18T05:34,-0.6670107406019739,UNKNOWN
2022-03-18T05:35,-0.5670107406019724,UNKNOWN
2022-03-18T05:36,-0.36701074060197314,UNKNOWN
2022-03-18T05:37,-0.2670107406019717,UNKNOWN
2022-03-18T05:38,-0.2670107406019717,UNKNOWN
2022-03-18T05:39,-0.16701074060197385,UNKNOWN
2022-03-18T05:40,-0.16701074060197385,UNKNOWN
2022-03-18T05:41,-0.06701074060197243,UNKNOWN
2022-03-18T05:42,-0.06701074060197243,UNKNOWN
2022-03-18T05:43,-0.06701074060197243,UNKNOWN
2022-03-18T05:44,0.03298925939802899,UNKNOWN
2022-03-18T05:45,0.03298925939802899,UNKNOWN
2022-03-18T05:46,0.03298925939802899,UNKNOWN
2022-03-18T05:47,-0.06701074060197243,UNKNOWN
2022-03-18T05:48,-0.36701074060197314,UNKNOWN
2022-03-18T05:49,-0.8670107406019731,UNKNOWN
2022-03-18T05:50,-1.2670107406019717,UNKNOWN
2022-03-18T05:51,-1.5670107406019724,UNKNOWN
2022-03-18T05:52,-1.6670107406019739,UNKNOWN
2022-03-18T05:53,-1.5670107406019724,UNKNOWN
2022-03-18T05:54,-1.0670107406019724,UNKNOWN
2022-03-18T05:55,-0.6670107406019739,UNKNOWN
2022-03-18T05:56,-0.36701074060197314,UNKNOWN
2022-03-18T05:57,-0.16701074060197385,UNKNOWN
2022-03-18T05:58,0.03298925939802899,UNKNOWN
2022-03-18T05:59,0.23298925939802473,UNKNOWN
2022-03-18T06:00,0.43298925939802757,UNKNOWN
2022-03-18T06:01,0.532989259398029,UNKNOWN
2022-03-18T06:02,0.6329892593980304,UNKNOWN
2022-03-18T06:03,0.8329892593980261,UNKNOWN
2022-03-18T06:04,0.9329892593980276,UNKNOWN
2022-03-18T06:05,1.1329892593980304,UNKNOWN
2022-03-18T06:06,1.2329892593980247,UNKNOWN
2022-03-18T06:07,1.4329892593980276,UNKNOWN
2022-03-18T06:08,1.532989259398029,UNKNOWN
2022-03-18T06:09,1.532989259398029,UNKNOWN
2022-03-18T06:10,1.6329892593980304,UNKNOWN
2022-03-18T06:11,1.6329892593980304,UNKNOWN
2022-03-18T06:12,1.7329892593980247,UNKNOWN
2022-03-18T06:13,1.7329892593980247,UNKNOWN
2022-03-18T06:14,1.7329892593980247,UNKNOWN
2022-03-18T06:15,1.8329892593980261,UNKNOWN
2022-03-18T06:16,1.7329892593980247,UNKNOWN
2022-03-18T06:17,1.6329892593980304,UNKNOWN
2022-03-18T06:18,1.532989259398029,UNKNOWN
2022-03-18T06:19,1.4329892593980276,UNKNOWN
2022-03-18T06:20,1.3329892593980261,UNKNOWN
2022-03-18T06:21,1.2329892593980247,UNKNOWN
2022-03-18T06:22,1.2329892593980247,UNKNOWN
2022-03-18T06:23,1.2329892593980247,UNKNOWN
2022-03-18T06:24,1.1329892593980304,UNKNOWN
2022-03-18T06:25,1.1329892593980304,UNKNOWN
2022-03-18T06:26,1.1329892593980304,UNKNOWN
2022-03-18T06:27,1.032989259398029,UNKNOWN
2022-03-18T06:28,1.032989259398029,UNKNOWN
2022-03-18T06:29,1.032989259398029,UNKNOWN
2022-03-18T06:30,1.032989259398029,UNKNOWN
2022-03-18T06:31,1.032989259398029,UNKNOWN
2022-03-18T06:32,1.032989259398029,UNKNOWN
2022-03-18T06:33,1.032989259398029,UNKNOWN
2022-03-18T06:34,1.032989259398029,UNKNOWN
2022-03-18T06:35,1.032989259398029,UNKNOWN
2022-03-18T06:36,1.032989259398029,UNKNOWN
2022-03-18T06:37,1.032989259398029,UNKNOWN
2022-03-18T06:38,1.032989259398029,UNKNOWN
2022-03-18T06:39,1.032989259398029,UNKNOWN
2022-03-18T06:40,1.1329892593980304,UNKNOWN
2022-03-18T06:41,1.1329892593980304,UNKNOWN
2022-03-18T06:42,1.1329892593980304,UNKNOWN
2022-03-18T06:43,1.1329892593980304,UNKNOWN
2022-03-18T06:44,1.1329892593980304,UNKNOWN
2022-03-18T06:45,1.1329892593980304,UNKNOWN
2022-03-18T06:46,1.1329892593980304,UNKNOWN
2022-03-18T06:47,1.2329892593980247,UNKNOWN
2022-03-18T06:48,1.2329892593980247,UNKNOWN
2022-03-18T06:49,1.2329892593980247,UNKNOWN
2022-03-18T06:50,1.2329892593980247,UNKNOWN
2022-03-18T06:51,1.2329892593980247,UNKNOWN
2022-03-18T06:52,1.2329892593980247,UNKNOWN
2022-03-18T06:53,1.2329892593980247,UNKNOWN
2022-03-18T06:54,1.2329892593980247,UNKNOWN
2022-03-18T06:55,1.2329892593980247,UNKNOWN
2022-03-18T06:56,1.2329892593980247,UNKNOWN
2022-03-18T06:57,1.3329892593980261,UNKNOWN
2022-03-18T06:58,1.3329892593980261,UNKNOWN
2022-03-18T06:59,1.3329892593980261,UNKNOWN
2022-03-18T07:00,1.3329892593980261,UNKNOWN
2022-03-18T07:01,1.532989259398029,UNKNOWN
2022-03-18T07:02,1.4329892593980276,UNKNOWN
2022-03-18T07:03,1.4329892593980276,UNKNOWN
2022-03-18T07:04,1.532989259398029,UNKNOWN
2022-03-18T07:05,1.532989259398029,UNKNOWN
2022-03-18T07:06,1.6329892593980304,UNKNOWN
2022-03-18T07:07,1.7329892593980247,UNKNOWN
2022-03-18T07:08,1.8329892593980261,UNKNOWN
2022-03-18T07:09,1.8329892593980261,UNKNOWN
2022-03-18T07:10,1.7329892593980247,UNKNOWN
2022-03-18T07:11,1.7329892593980247,UNKNOWN
2022-03-18T07:12,1.7329892593980247,UNKNOWN
2022-03-18T07:13,1.7329892593980247,UNKNOWN
2022-03-18T07:14,1.6329892593980304,UNKNOWN
2022-03-18T07:15,1.6329892593980304,UNKNOWN
2022-03-18T07:16,1.532989259398029,UNKNOWN
2022-03-18T07:17,1.4329892593980276,UNKNOWN
2022-03-18T07:18,1.3329892593980261,UNKNOWN
2022-03-18T07:19,1.3329892593980261,UNKNOWN
2022-03-18T07:20,1.3329892593980261,UNKNOWN
2022-03-18T07:21,1.4329892593980276,UNKNOWN
2022-03-18T07:22,1.532989259398029,UNKNOWN
2022-03-18T07:23,1.7329892593980247,UNKNOWN
2022-03-18T07:24,1.9329892593980276,UNKNOWN
2022-03-18T07:25,2.032989259398029,UNKNOWN
2022-03-18T07:26,2.1329892593980304,UNKNOWN
2022-03-18T07:27,2.2329892593980247,UNKNOWN
2022-03-18T07:28,2.332989259398026,UNKNOWN
2022-03-18T07:29,2.4329892593980276,UNKNOWN
2022-03-18T07:30,2.4329892593980276,UNKNOWN
2022-03-18T07:31,2.532989259398029,UNKNOWN
2022-03-18T07:32,2.532989259398029,UNKNOWN
2022-03-18T07:33,2.532989259398029,UNKNOWN
2022-03-18T07:34,2.532989259398029,UNKNOWN
2022-03-18T07:35,2.6329892593980304,UNKNOWN
2022-03-18T07:36,2.532989259398029,UNKNOWN
2022-03-18T07:37,2.4329892593980276,UNKNOWN
2022-03-18T07:38,2.332989259398026,UNKNOWN
2022-03-18T07:39,2.2329892593980247,UNKNOWN
2022-03-18T07:40,2.2329892593980247,UNKNOWN
2022-03-18T07:41,2.2329892593980247,UNKNOWN
2022-03-18T07:42,2.2329892593980247,UNKNOWN
2022-03-18T07:43,2.332989259398026,UNKNOWN
2022-03-18T07:44,2.332989259398026,UNKNOWN
2022-03-18T07:45,2.4329892593980276,UNKNOWN
2022-03-18T07:46,2.4329892593980276,UNKNOWN
2022-03-18T07:47,2.532989259398029,UNKNOWN
2022-03-18T07:48,2.532989259398029,UNKNOWN
2022-03-18T07:49,2.532989259398029,UNKNOWN
2022-03-18T07:50,2.532989259398029,UNKNOWN
2022-03-18T07:51,2.6329892593980304,UNKNOWN
2022-03-18T07:52,2.6329892593980304,UNKNOWN
2022-03-18T07:53,2.6329892593980304,UNKNOWN
2022-03-18T07:54,2.6329892593980304,UNKNOWN
2022-03-18T07:55,2.7329892593980247,UNKNOWN
2022-03-18T07:56,2.7329892593980247,UNKNOWN
2022-03-18T07:57,2.7329892593980247,UNKNOWN
2022-03-18T07:58,2.7329892593980247,UNKNOWN
2022-03-18T07:59,2.7329892593980247,UNKNOWN
2022-03-18T08:00,2.332989259398026,UNKNOWN
2022-03-18T08:01,1.7329892593980247,UNKNOWN
2022-03-18T08:02,1.2329892593980247,UNKNOWN
2022-03-18T08:03,0.6329892593980304,UNKNOWN
2022-03-18T08:04,0.1329892593980304,UNKNOWN
2022-03-18T08:05,-0.16701074060197385,UNKNOWN
2022-03-18T08:06,-0.2670107406019717,UNKNOWN
2022-03-18T08:07,-0.8670107406019731,UNKNOWN
2022-03-18T08:08,-1.1670107406019739,UNKNOWN
2022-03-18T08:09,-1.3670107406019731,UNKNOWN
2022-03-18T08:10,-1.8670107406019731,UNKNOWN
2022-03-18T08:11,-2.2670107406019717,UNKNOWN
2022-03-18T08:12,-2.667010740601974,UNKNOWN
2022-03-18T08:13,-2.867010740601973,UNKNOWN
2022-03-18T08:14,-3.0670107406019724,UNKNOWN
2022-03-18T08:15,-3.167010740601974,UNKNOWN
2022-03-18T08:16,-3.367010740601973,UNKNOWN
2022-03-18T08:17,-3.467010740601971,UNKNOWN
2022-03-18T08:18,-3.467010740601971,UNKNOWN
2022-03-18T08:19,-3.667010740601974,UNKNOWN
2022-03-18T08:20,-3.7670107406019717,UNKNOWN
2022-03-18T08:21,-3.867010740601973,UNKNOWN
2022-03-18T08:22,-3.7670107406019717,UNKNOWN
2022-03-18T08:23,-3.867010740601973,UNKNOWN
2022-03-18T08:24,-3.867010740601973,UNKNOWN
2022-03-18T08:25,-3.867010740601973,UNKNOWN
2022-03-18T08:26,-3.967010740601971,UNKNOWN
2022-03-18T08:27,-3.867010740601973,UNKNOWN
2022-03-18T08:28,-3.967010740601971,UNKNOWN
2022-03-18T08:29,-3.7670107406019717,UNKNOWN
2022-03-18T08:30,-3.667010740601974,UNKNOWN
2022-03-18T08:31,-3.5670107406019724,UNKNOWN
2022-03-18T08:32,-3.367010740601973,UNKNOWN
2022-03-18T08:33,-3.2670107406019717,UNKNOWN
2022-03-18T08:34,-3.167010740601974,UNKNOWN
2022-03-18T08:35,-3.2670107406019717,UNKNOWN
2022-03-18T08:36,-3.167010740601974,UNKNOWN
2022-03-18T08:37,-3.167010740601974,UNKNOWN
2022-03-18T08:38,-3.167010740601974,UNKNOWN
2022-03-18T08:39,-3.2670107406019717,UNKNOWN
2022-03-18T08:40,-3.167010740601974,UNKNOWN
2022-03-18T08:41,-3.2670107406019717,UNKNOWN
2022-03-18T08:42,-3.2670107406019717,UNKNOWN
2022-03-18T08:43,-3.167010740601974,UNKNOWN
2022-03-18T08:44,-3.167010740601974,UNKNOWN
2022-03-18T08:45,-3.2670107406019717,UNKNOWN
2022-03-18T08:46,-3.2670107406019717,UNKNOWN
2022-03-18T08:47,-3.2670107406019717,UNKNOWN
2022-03-18T08:48,-3.2670107406019717,UNKNOWN
2022-03-18T08:49,-3.2670107406019717,UNKNOWN
2022-03-18T08:50,-3.2670107406019717,UNKNOWN
2022-03-18T08:51,-3.2670107406019717,UNKNOWN
2022-03-18T08:52,-3.367010740601973,UNKNOWN
2022-03-18T08:53,-3.467010740601971,UNKNOWN
2022-03-18T08:54,-3.5670107406019724,UNKNOWN
2022-03-18T08:55,-3.7670107406019717,UNKNOWN
2022-03-18T08:56,-3.867010740601973,UNKNOWN
2022-03-18T08:57,-3.867010740601973,UNKNOWN
2022-03-18T08:58,-3.867010740601973,UNKNOWN
2022-03-18T08:59,-4.067010740601972,UNKNOWN
2022-03-18T09:00,-4.167010740601974,UNKNOWN
2022-03-18T09:01,-4.067010740601972,UNKNOWN
2022-03-18T09:02,-4.167010740601974,UNKNOWN
2022-03-18T09:03,-4.267010740601972,UNKNOWN
2022-03-18T09:04,-4.367010740601973,UNKNOWN
2022-03-18T09:05,-4.367010740601973,UNKNOWN
2022-03-18T09:06,-4.567010740601972,UNKNOWN
2022-03-18T09:07,-4.767010740601972,UNKNOWN
2022-03-18T09:08,-4.867010740601973,UNKNOWN
2022-03-18T09:09,-4.967010740601971,UNKNOWN
2022-03-18T09:10,-4.967010740601971,UNKNOWN
2022-03-18T09:11,-4.867010740601973,UNKNOWN
2022-03-18T09:12,-4.867010740601973,UNKNOWN
2022-03-18T09:13,-4.967010740601971,UNKNOWN
2022-03-18T09:14,-4.867010740601973,UNKNOWN
2022-03-18T09:15,-4.667010740601974,UNKNOWN
2022-03-18T09:16,-4.967010740601971,UNKNOWN
2022-03-18T09:17,-5.167010740601974,UNKNOWN
2022-03-18T09:18,-5.367010740601973,UNKNOWN
2022-03-18T09:19,-5.367010740601973,UNKNOWN
2022-03-18T09:20,-5.367010740601973,UNKNOWN
2022-03-18T09:21,-5.467010740601971,UNKNOWN
2022-03-18T09:22,-5.467010740601971,UNKNOWN
2022-03-18T09:23,-5.567010740601972,UNKNOWN
2022-03-18T09:24,-5.567010740601972,UNKNOWN
2022-03-18T09:25,-5.567010740601972,UNKNOWN
2022-03-18T09:26,-5.567010740601972,UNKNOWN
2022-03-18T09:27,-5.367010740601973,UNKNOWN
2022-03-18T09:28,-5.367010740601973,UNKNOWN
2022-03-18T09:29,-5.167010740601974,UNKNOWN
2022-03-18T09:30,-4.967010740601971,UNKNOWN
2022-03-18T09:31,-4.967010740601971,UNKNOWN
2022-03-18T09:32,-5.067010740601972,UNKNOWN
2022-03-18T09:33,-5.067010740601972,UNKNOWN
2022-03-18T09:34,-5.067010740601972,UNKNOWN
2022-03-18T09:35,-5.067010740601972,UNKNOWN
2022-03-18T09:36,-5.067010740601972,UNKNOWN
2022-03-18T09:37,-4.967010740601971,UNKNOWN
2022-03-18T09:38,-4.867010740601973,UNKNOWN
2022-03-18T09:39,-4.767010740601972,UNKNOWN
2022-03-18T09:40,-4.967010740601971,UNKNOWN
2022-03-18T09:41,-4.867010740601973,UNKNOWN
2022-03-18T09:42,-4.867010740601973,UNKNOWN
2022-03-18T09:43,-4.767010740601972,UNKNOWN
2022-03-18T09:44,-4.867010740601973,UNKNOWN
2022-03-18T09:45,-4.867010740601973,UNKNOWN
2022-03-18T09:46,-4.967010740601971,UNKNOWN
2022-03-18T09:47,-4.967010740601971,UNKNOWN
2022-03-18T09:48,-4.967010740601971,UNKNOWN
2022-03-18T09:49,-4.867010740601973,UNKNOWN
2022-03-18T09:50,-4.767010740601972,UNKNOWN
2022-03-18T09:51,-4.767010740601972,UNKNOWN
2022-03-18T09:52,-4.967010740601971,UNKNOWN
2022-03-18T09:53,-5.067010740601972,UNKNOWN
2022-03-18T09:54,-4.967010740601971,UNKNOWN
2022-03-18T09:55,-4.967010740601971,UNKNOWN
2022-03-18T09:56,-4.967010740601971,UNKNOWN
2022-03-18T09:57,-5.367010740601973,UNKNOWN
2022-03-18T09:58,-5.667010740601974,UNKNOWN
2022-03-18T09:59,-5.867010740601973,UNKNOWN
2022-03-18T10:00,-5.967010740601971,UNKNOWN
2022-03-18T10:01,-5.867010740601973,UNKNOWN
2022-03-18T10:02,-5.867010740601973,UNKNOWN
2022-03-18T10:03,-5.867010740601973,UNKNOWN
2022-03-18T10:04,-5.767010740601972,UNKNOWN
2022-03-18T10:05,-5.867010740601973,UNKNOWN
2022-03-18T10:06,-5.767010740601972,UNKNOWN
2022-03-18T10:07,-5.667010740601974,UNKNOWN
2022-03-18T10:08,-5.567010740601972,UNKNOWN
2022-03-18T10:09,-5.567010740601972,UNKNOWN
2022-03-18T10:10,-5.367010740601973,UNKNOWN
2022-03-18T10:11,-5.167010740601974,UNKNOWN
2022-03-18T10:12,-4.967010740601971,UNKNOWN
2022-03-18T10:13,-4.967010740601971,UNKNOWN
2022-03-18T10:14,-5.067010740601972,UNKNOWN
2022-03-18T10:15,-5.067010740601972,UNKNOWN
2022-03-18T10:16,-4.767010740601972,UNKNOWN
2022-03-18T10:17,-4.567010740601972,UNKNOWN
2022-03-18T10:18,-4.567010740601972,UNKNOWN
2022-03-18T10:19,-4.567010740601972,UNKNOWN
2022-03-18T10:20,-4.567010740601972,UNKNOWN
2022-03-18T10:21,-4.667010740601974,UNKNOWN
2022-03-18T10:22,-4.667010740601974,UNKNOWN
2022-03-18T10:23,-4.667010740601974,UNKNOWN
2022-03-18T10:24,-4.667010740601974,UNKNOWN
2022-03-18T10:25,-4.967010740601971,UNKNOWN
2022-03-18T10:26,-5.067010740601972,UNKNOWN
2022-03-18T10:27,-5.067010740601972,UNKNOWN
2022-03-18T10:28,-5.167010740601974,UNKNOWN
2022-03-18T10:29,-5.167010740601974,UNKNOWN
2022-03-18T10:30,-5.067010740601972,UNKNOWN
2022-03-18T10:31,-4.967010740601971,UNKNOWN
2022-03-18T10:32,-4.667010740601974,UNKNOWN
2022-03-18T10:33,-4.567010740601972,UNKNOWN
2022-03-18T10:34,-4.767010740601972,UNKNOWN
2022-03-18T10:35,-4.867010740601973,UNKNOWN
2022-03-18T10:36,-4.867010740601973,UNKNOWN
2022-03-18T10:37,-4.767010740601972,UNKNOWN
2022-03-18T10:38,-4.767010740601972,UNKNOWN
2022-03-18T10:39,-4.767010740601972,UNKNOWN
2022-03-18T10:40,-4.767010740601972,UNKNOWN
2022-03-18T10:41,-4.767010740601972,UNKNOWN
2022-03-18T10:42,-4.767010740601972,UNKNOWN
2022-03-18T10:43,-4.867010740601973,UNKNOWN
2022-03-18T10:44,-4.867010740601973,UNKNOWN
2022-03-18T10:45,-4.767010740601972,UNKNOWN
2022-03-18T10:46,-4.767010740601972,UNKNOWN
2022-03-18T10:47,-4.767010740601972,UNKNOWN
2022-03-18T10:48,-4.767010740601972,UNKNOWN
2022-03-18T10:49,-4.667010740601974,UNKNOWN
2022-03-18T10:50,-4.767010740601972,UNKNOWN
2022-03-18T10:51,-4.767010740601972,UNKNOWN
2022-03-18T10:52,-4.667010740601974,UNKNOWN
2022-03-18T10:53,-4.367010740601973,UNKNOWN
2022-03-18T10:54,-3.967010740601971,UNKNOWN
2022-03-18T10:55,-3.7670107406019717,UNKNOWN
2022-03-18T10:56,-3.667010740601974,UNKNOWN
2022-03-18T10:57,-3.7670107406019717,UNKNOWN
2022-03-18T10:58,-3.967010740601971,UNKNOWN
2022-03-18T10:59,-3.7670107406019717,UNKNOWN
2022-03-18T11:00,-3.7670107406019717,UNKNOWN
2022-03-18T11:01,-4.067010740601972,UNKNOWN
2022-03-18T11:02,-3.967010740601971,UNKNOWN
2022-03-18T11:03,-3.5670107406019724,UNKNOWN
2022-03-18T11:04,-3.167010740601974,UNKNOWN
2022-03-18T11:05,-2.867010740601973,UNKNOWN
2022-03-18T11:06,-2.5670107406019724,UNKNOWN
2022-03-18T11:07,-2.367010740601973,UNKNOWN
2022-03-18T11:08,-2.2670107406019717,UNKNOWN
2022-03-18T11:09,-2.2670107406019717,UNKNOWN
2022-03-18T11:10,-2.2670107406019717,UNKNOWN
2022-03-18T11:11,-2.467010740601971,UNKNOWN
2022-03-18T11:12,-2.667010740601974,UNKNOWN
2022-03-18T11:13,-2.7670107406019717,UNKNOWN
2022-03-18T11:14,-2.867010740601973,UNKNOWN
2022-03-18T11:15,-3.0670107406019724,UNKNOWN
2022-03-18T11:16,-3.167010740601974,UNKNOWN
2022-03-18T11:17,-3.2670107406019717,UNKNOWN
2022-03-18T11:18,-3.467010740601971,UNKNOWN
2022-03-18T11:19,-3.5670107406019724,UNKNOWN
2022-03-18T11:20,-3.667010740601974,UNKNOWN
2022-03-18T11:21,-3.667010740601974,UNKNOWN
2022-03-18T11:22,-3.867010740601973,UNKNOWN
2022-03-18T11:23,-3.867010740601973,UNKNOWN
2022-03-18T11:24,-3.967010740601971,UNKNOWN
2022-03-18T11:25,-3.967010740601971,UNKNOWN
2022-03-18T11:26,-4.067010740601972,UNKNOWN
2022-03-18T11:27,-4.167010740601974,UNKNOWN
2022-03-18T11:28,-4.167010740601974,UNKNOWN
2022-03-18T11:29,-4.067010740601972,UNKNOWN
2022-03-18T11:30,-3.867010740601973,UNKNOWN
2022-03-18T11:31,-3.667010740601974,UNKNOWN
2022-03-18T11:32,-3.7670107406019717,UNKNOWN
2022-03-18T11:33,-3.7670107406019717,UNKNOWN
2022-03-18T11:34,-3.867010740601973,UNKNOWN
2022-03-18T11:35,-3.867010740601973,UNKNOWN
2022-03-18T11:36,-3.7670107406019717,UNKNOWN
2022-03-18T11:37,-3.5670107406019724,UNKNOWN
2022-03-18T11:38,-3.2670107406019717,UNKNOWN
2022-03-18T11:39,-3.2670107406019717,UNKNOWN
2022-03-18T11:40,-3.2670107406019717,UNKNOWN
2022-03-18T11:41,-3.367010740601973,UNKNOWN
2022-03-18T11:42,-3.467010740601971,UNKNOWN
2022-03-18T11:43,-3.5670107406019724,UNKNOWN
2022-03-18T11:44,-3.667010740601974,UNKNOWN
2022-03-18T11:45,-3.667010740601974,UNKNOWN
2022-03-18T11:46,-3.5670107406019724,UNKNOWN
2022-03-18T11:47,-3.7670107406019717,UNKNOWN
2022-03-18T11:48,-3.667010740601974,UNKNOWN
2022-03-18T11:49,-3.667010740601974,UNKNOWN
2022-03-18T11:50,-3.5670107406019724,UNKNOWN
2022-03-18T11:51,-3.667010740601974,UNKNOWN
2022-03-18T11:52,-3.867010740601973,UNKNOWN
2022-03-18T11:53,-3.7670107406019717,UNKNOWN
2022-03-18T11:54,-3.7670107406019717,UNKNOWN
2022-03-18T11:55,-3.867010740601973,UNKNOWN
2022-03-18T11:56,-3.867010740601973,UNKNOWN
2022-03-18T11:57,-3.967010740601971,UNKNOWN
2022-03-18T11:58,-3.867010740601973,UNKNOWN
2022-03-18T11:59,-3.667010740601974,UNKNOWN
2022-03-18T12:00,-3.5670107406019724,UNKNOWN
2022-03-18T12:01,-3.467010740601971,UNKNOWN
2022-03-18T12:02,-3.667010740601974,UNKNOWN
2022-03-18T12:03,-3.667010740601974,UNKNOWN
2022-03-18T12:04,-3.667010740601974,UNKNOWN
2022-03-18T12:05,-3.5670107406019724,UNKNOWN
2022-03-18T12:06,-3.5670107406019724,UNKNOWN
2022-03-18T12:07,-3.467010740601971,UNKNOWN
2022-03-18T12:08,-3.467010740601971,UNKNOWN
2022-03-18T12:09,-3.367010740601973,UNKNOWN
2022-03-18T12:10,-3.2670107406019717,UNKNOWN
2022-03-18T12:11,-3.167010740601974,UNKNOWN
2022-03-18T12:12,-3.2670107406019717,UNKNOWN
2022-03-18T12:13,-3.367010740601973,UNKNOWN
2022-03-18T12:14,-3.467010740601971,UNKNOWN
2022-03-18T12:15,-3.667010740601974,UNKNOWN
2022-03-18T12:16,-3.5670107406019724,UNKNOWN
2022-03-18T12:17,-3.667010740601974,UNKNOWN
2022-03-18T12:18,-3.5670107406019724,UNKNOWN
2022-03-18T12:19,-3.5670107406019724,UNKNOWN
2022-03-18T12:20,-3.667010740601974,UNKNOWN
2022-03-18T12:21,-3.467010740601971,UNKNOWN
2022-03-18T12:22,-3.467010740601971,UNKNOWN
2022-03-18T12:23,-3.467010740601971,UNKNOWN
2022-03-18T12:24,-3.5670107406019724,UNKNOWN
2022-03-18T12:25,-3.5670107406019724,UNKNOWN
2022-03-18T12:26,-3.667010740601974,UNKNOWN
2022-03-18T12:27,-3.667010740601974,UNKNOWN
2022-03-18T12:28,-4.267010740601972,UNKNOWN
2022-03-18T12:29,-4.467010740601971,UNKNOWN
2022-03-18T12:30,-4.567010740601972,UNKNOWN
2022-03-18T12:31,-4.767010740601972,UNKNOWN
2022-03-18T12:32,-4.867010740601973,UNKNOWN
2022-03-18T12:33,-5.067010740601972,UNKNOWN
2022-03-18T12:34,-5.267010740601972,UNKNOWN
2022-03-18T12:35,-5.367010740601973,UNKNOWN
2022-03-18T12:36,-5.467010740601971,UNKNOWN
2022-03-18T12:37,-5.667010740601974,UNKNOWN
2022-03-18T12:38,-5.767010740601972,UNKNOWN
2022-03-18T12:39,-5.767010740601972,UNKNOWN
2022-03-18T12:40,-5.767010740601972,UNKNOWN
2022-03-18T12:41,-5.867010740601973,UNKNOWN
2022-03-18T12:42,-5.667010740601974,UNKNOWN
2022-03-18T12:43,-5.467010740601971,UNKNOWN
2022-03-18T12:44,-5.367010740601973,UNKNOWN
2022-03-18T12:45,-5.367010740601973,UNKNOWN
2022-03-18T12:46,-5.367010740601973,UNKNOWN
2022-03-18T12:47,-5.367010740601973,UNKNOWN
2022-03-18T12:48,-5.467010740601971,UNKNOWN
2022-03-18T12:49,-5.467010740601971,UNKNOWN
2022-03-18T12:50,-5.567010740601972,UNKNOWN
2022-03-18T12:51,-5.567010740601972,UNKNOWN
2022-03-18T12:52,-5.467010740601971,UNKNOWN
2022-03-18T12:53,-5.367010740601973,UNKNOWN
2022-03-18T12:54,-5.267010740601972,UNKNOWN
2022-03-18T12:55,-5.167010740601974,UNKNOWN
2022-03-18T12:56,-5.167010740601974,UNKNOWN
2022-03-18T12:57,-5.167010740601974,UNKNOWN
2022-03-18T12:58,-5.067010740601972,UNKNOWN
2022-03-18T12:59,-5.067010740601972,UNKNOWN
2022-03-18T13:00,-5.167010740601974,UNKNOWN
2022-03-18T13:01,-4.967010740601971,UNKNOWN
2022-03-18T13:02,-4.967010740601971,UNKNOWN
2022-03-18T13:03,-5.367010740601973,UNKNOWN
2022-03-18T13:04,-5.467010740601971,UNKNOWN
2022-03-18T13:05,-5.667010740601974,UNKNOWN
2022-03-18T13:06,-5.667010740601974,UNKNOWN
2022-03-18T13:07,-5.467010740601971,UNKNOWN
2022-03-18T13:08,-5.067010740601972,UNKNOWN
2022-03-18T13:09,-4.867010740601973,UNKNOWN
2022-03-18T13:10,-5.067010740601972,UNKNOWN
2022-03-18T13:11,-5.167010740601974,UNKNOWN
2022-03-18T13:12,-5.267010740601972,UNKNOWN
2022-03-18T13:13,-5.467010740601971,UNKNOWN
2022-03-18T13:14,-5.467010740601971,UNKNOWN
2022-03-18T13:15,-5.467010740601971,UNKNOWN
2022-03-18T13:16,-5.567010740601972,UNKNOWN
2022-03-18T13:17,-5.567010740601972,UNKNOWN
2022-03-18T13:18,-5.767010740601972,UNKNOWN
2022-03-18T13:19,-5.867010740601973,UNKNOWN
2022-03-18T13:20,-5.767010740601972,UNKNOWN
2022-03-18T13:21,-5.667010740601974,UNKNOWN
2022-03-18T13:22,-5.367010740601973,UNKNOWN
2022-03-18T13:23,-5.267010740601972,UNKNOWN
2022-03-18T13:24,-5.167010740601974,UNKNOWN
2022-03-18T13:25,-5.267010740601972,UNKNOWN
2022-03-18T13:26,-5.167010740601974,UNKNOWN
2022-03-18T13:27,-5.067010740601972,UNKNOWN
2022-03-18T13:28,-5.167010740601974,UNKNOWN
2022-03-18T13:29,-5.067010740601972,UNKNOWN
2022-03-18T13:30,-4.967010740601971,UNKNOWN
2022-03-18T13:31,-4.967010740601971,UNKNOWN
2022-03-18T13:32,-4.867010740601973,UNKNOWN
2022-03-18T13:33,-4.767010740601972,UNKNOWN
2022-03-18T13:34,-4.767010740601972,UNKNOWN
2022-03-18T13:35,-4.967010740601971,UNKNOWN
2022-03-18T13:36,-4.967010740601971,UNKNOWN
2022-03-18T13:37,-5.067010740601972,UNKNOWN
2022-03-18T13:38,-5.067010740601972,UNKNOWN
2022-03-18T13:39,-5.167010740601974,UNKNOWN
2022-03-18T13:40,-5.267010740601972,UNKNOWN
2022-03-18T13:41,-5.267010740601972,UNKNOWN
2022-03-18T13:42,-5.267010740601972,UNKNOWN
2022-03-18T13:43,-5.367010740601973,UNKNOWN
2022-03-18T13:44,-5.267010740601972,UNKNOWN
2022-03-18T13:45,-5.267010740601972,UNKNOWN
2022-03-18T13:46,-5.267010740601972,UNKNOWN
2022-03-18T13:47,-5.267010740601972,UNKNOWN
2022-03-18T13:48,-4.967010740601971,UNKNOWN
2022-03-18T13:49,-4.867010740601973,UNKNOWN
2022-03-18T13:50,-4.767010740601972,UNKNOWN
2022-03-18T13:51,-4.567010740601972,UNKNOWN
2022-03-18T13:52,-4.567010740601972,UNKNOWN
2022-03-18T13:53,-4.467010740601971,UNKNOWN
2022-03-18T13:54,-4.367010740601973,UNKNOWN
2022-03-18T13:55,-4.567010740601972,UNKNOWN
2022-03-18T13:56,-4.467010740601971,UNKNOWN
2022-03-18T13:57,-4.267010740601972,UNKNOWN
2022-03-18T13:58,-4.167010740601974,UNKNOWN
2022-03-18T13:59,-4.267010740601972,UNKNOWN
2022-03-18T14:00,-4.367010740601973,UNKNOWN
2022-03-18T14:01,-4.267010740601972,UNKNOWN
2022-03-18T14:02,-4.267010740601972,UNKNOWN
2022-03-18T14:03,-4.167010740601974,UNKNOWN
2022-03-18T14:04,-4.167010740601974,UNKNOWN
2022-03-18T14:05,-4.067010740601972,UNKNOWN
2022-03-18T14:06,-4.067010740601972,UNKNOWN
2022-03-18T14:07,-4.067010740601972,UNKNOWN
2022-03-18T14:08,-4.167010740601974,UNKNOWN
2022-03-18T14:09,-4.167010740601974,UNKNOWN
2022-03-18T14:10,-4.167010740601974,UNKNOWN
2022-03-18T14:11,-4.167010740601974,UNKNOWN
2022-03-18T14:12,-4.267010740601972,UNKNOWN
2022-03-18T14:13,-4.267010740601972,UNKNOWN
2022-03-18T14:14,-4.267010740601972,UNKNOWN
2022-03-18T14:15,-4.167010740601974,UNKNOWN
2022-03-18T14:16,-4.067010740601972,UNKNOWN
2022-03-18T14:17,-4.067010740601972,UNKNOWN
2022-03-18T14:18,-4.067010740601972,UNKNOWN
2022-03-18T14:19,-3.667010740601974,UNKNOWN
2022-03-18T14:20,-3.5670107406019724,UNKNOWN
2022-03-18T14:21,-3.467010740601971,UNKNOWN
2022-03-18T14:22,-3.2670107406019717,UNKNOWN
2022-03-18T14:23,-3.167010740601974,UNKNOWN
2022-03-18T14:24,-3.0670107406019724,UNKNOWN
2022-03-18T14:25,-3.0670107406019724,UNKNOWN
2022-03-18T14:26,-3.0670107406019724,UNKNOWN
2022-03-18T14:27,-3.167010740601974,UNKNOWN
2022-03-18T14:28,-3.0670107406019724,UNKNOWN
2022-03-18T14:29,-2.867010740601973,UNKNOWN
2022-03-18T14:30,-2.667010740601974,UNKNOWN
2022-03-18T14:31,-2.467010740601971,UNKNOWN
2022-03-18T14:32,-2.2670107406019717,UNKNOWN
2022-03-18T14:33,-1.8670107406019731,UNKNOWN
2022-03-18T14:34,-1.8670107406019731,UNKNOWN
2022-03-18T14:35,-1.6670107406019739,UNKNOWN
2022-03-18T14:36,-1.5670107406019724,UNKNOWN
2022-03-18T14:37,-1.3670107406019731,UNKNOWN
2022-03-18T14:38,-1.2670107406019717,UNKNOWN
2022-03-18T14:39,-1.0670107406019724,UNKNOWN
2022-03-18T14:40,-0.967010740601971,UNKNOWN
2022-03-18T14:41,-0.8670107406019731,UNKNOWN
2022-03-18T14:42,-0.7670107406019717,UNKNOWN
2022-03-18T14:43,-0.8670107406019731,UNKNOWN
2022-03-18T14:44,-0.8670107406019731,UNKNOWN
2022-03-18T14:45,-0.7670107406019717,UNKNOWN
2022-03-18T14:46,-0.6670107406019739,UNKNOWN
2022-03-18T14:47,-0.6670107406019739,UNKNOWN
2022-03-18T14:48,-0.6670107406019739,UNKNOWN
2022-03-18T14:49,-0.6670107406019739,UNKNOWN
2022-03-18T14:50,-0.7670107406019717,UNKNOWN
2022-03-18T14:51,-0.8670107406019731,UNKNOWN
2022-03-18T14:52,-0.967010740601971,UNKNOWN
2022-03-18T14:53,-0.967010740601971,UNKNOWN
2022-03-18T14:54,-1.0670107406019724,UNKNOWN
2022-03-18T14:55,-0.967010740601971,UNKNOWN
2022-03-18T14:56,-0.7670107406019717,UNKNOWN
2022-03-18T14:57,-0.6670107406019739,UNKNOWN
2022-03-18T14:58,-0.5670107406019724,UNKNOWN
2022-03-18T14:59,-0.5670107406019724,UNKNOWN
2022-03-18T15:00,-0.467010740601971,UNKNOWN
2022-03-18T15:01,-0.5670107406019724,UNKNOWN
2022-03-18T15:02,-0.7670107406019717,UNKNOWN
2022-03-18T15:03,-0.8670107406019731,UNKNOWN
2022-03-18T15:04,-0.7670107406019717,UNKNOWN
2022-03-18T15:05,-0.7670107406019717,UNKNOWN
2022-03-18T15:06,-0.5670107406019724,UNKNOWN
2022-03-18T15:07,-0.5670107406019724,UNKNOWN
2022-03-18T15:08,-0.5670107406019724,UNKNOWN
2022-03-18T15:09,-0.467010740601971,UNKNOWN
2022-03-18T15:10,-0.467010740601971,UNKNOWN
2022-03-18T15:11,-0.36701074060197314,UNKNOWN
2022-03-18T15:12,-0.36701074060197314,UNKNOWN
2022-03-18T15:13,-0.467010740601971,UNKNOWN
2022-03-18T15:14,-0.467010740601971,UNKNOWN
2022-03-18T15:15,-0.36701074060197314,UNKNOWN
2022-03-18T15:16,-0.2670107406019717,UNKNOWN
2022-03-18T15:17,-0.2670107406019717,UNKNOWN
2022-03-18T15:18,-0.2670107406019717,UNKNOWN
2022-03-18T15:19,-0.2670107406019717,UNKNOWN
2022-03-18T15:20,-0.36701074060197314,UNKNOWN
2022-03-18T15:21,-0.467010740601971,UNKNOWN
2022-03-18T15:22,-0.467010740601971,UNKNOWN
2022-03-18T15:23,-0.467010740601971,UNKNOWN
2022-03-18T15:24,-0.467010740601971,UNKNOWN
2022-03-18T15:25,-0.36701074060197314,UNKNOWN
2022-03-18T15:26,-0.36701074060197314,UNKNOWN
2022-03-18T15:27,-0.467010740601971,UNKNOWN
2022-03-18T15:28,-0.467010740601971,UNKNOWN
2022-03-18T15:29,-0.2670107406019717,UNKNOWN
2022-03-18T15:30,-0.467010740601971,UNKNOWN
2022-03-18T15:31,-0.467010740601971,UNKNOWN
2022-03-18T15:32,-0.467010740601971,UNKNOWN
2022-03-18T15:33,-0.467010740601971,UNKNOWN
2022-03-18T15:34,-0.36701074060197314,UNKNOWN
2022-03-18T15:35,-0.36701074060197314,UNKNOWN
2022-03-18T15:36,-0.36701074060197314,UNKNOWN
2022-03-18T15:37,-0.36701074060197314,UNKNOWN
2022-03-18T15:38,-0.36701074060197314,UNKNOWN
2022-03-18T15:39,-0.5670107406019724,UNKNOWN
2022-03-18T15:40,-0.467010740601971,UNKNOWN
2022-03-18T15:41,-0.467010740601971,UNKNOWN
2022-03-18T15:42,-0.36701074060197314,UNKNOWN
2022-03-18T15:43,-0.36701074060197314,UNKNOWN
2022-03-18T15:44,-0.2670107406019717,UNKNOWN
2022-03-18T15:45,-0.16701074060197385,UNKNOWN
2022-03-18T15:46,-0.16701074060197385,UNKNOWN
2022-03-18T15:47,-0.16701074060197385,UNKNOWN
2022-03-18T15:48,-0.16701074060197385,UNKNOWN
2022-03-18T15:49,-0.2670107406019717,UNKNOWN
2022-03-18T15:50,-0.16701074060197385,UNKNOWN
2022-03-18T15:51,-0.36701074060197314,UNKNOWN
2022-03-18T15:52,-0.467010740601971,UNKNOWN
2022-03-18T15:53,-0.2670107406019717,UNKNOWN
2022-03-18T15:54,-0.2670107406019717,UNKNOWN
2022-03-18T15:55,-0.2670107406019717,UNKNOWN
2022-03-18T15:56,-0.2670107406019717,UNKNOWN
2022-03-18T15:57,-0.2670107406019717,UNKNOWN
2022-03-18T15:58,-0.36701074060197314,UNKNOWN
2022-03-18T15:59,-0.36701074060197314,UNKNOWN
2022-03-18T16:00,-0.36701074060197314,UNKNOWN
2022-03-18T16:01,-0.2670107406019717,UNKNOWN
2022-03-18T16:02,-0.36701074060197314,UNKNOWN
2022-03-18T16:03,-0.36701074060197314,UNKNOWN
2022-03-18T16:04,-0.36701074060197314,UNKNOWN
2022-03-18T16:05,-0.5670107406019724,UNKNOWN
2022-03-18T16:06,-0.5670107406019724,UNKNOWN
2022-03-18T16:07,-0.5670107406019724,UNKNOWN
2022-03-18T16:08,-0.5670107406019724,UNKNOWN
2022-03-18T16:09,-0.7670107406019717,UNKNOWN
2022-03-18T16:10,-0.8670107406019731,UNKNOWN
2022-03-18T16:11,-0.8670107406019731,UNKNOWN
2022-03-18T16:12,-0.8670107406019731,UNKNOWN
2022-03-18T16:13,-0.8670107406019731,UNKNOWN
2022-03-18T16:14,-0.967010740601971,UNKNOWN
2022-03-18T16:15,-1.1670107406019739,UNKNOWN
2022-03-18T16:16,-1.3670107406019731,UNKNOWN
2022-03-18T16:17,-1.3670107406019731,UNKNOWN
2022-03-18T16:18,-1.0670107406019724,UNKNOWN
2022-03-18T16:19,-1.0670107406019724,UNKNOWN
2022-03-18T16:20,-1.1670107406019739,UNKNOWN
2022-03-18T16:21,-1.3670107406019731,UNKNOWN
2022-03-18T16:22,-1.467010740601971,UNKNOWN
2022-03-18T16:23,-1.467010740601971,UNKNOWN
2022-03-18T16:24,-1.5670107406019724,UNKNOWN
2022-03-18T16:25,-1.7670107406019717,UNKNOWN
2022-03-18T16:26,-1.8670107406019731,UNKNOWN
2022-03-18T16:27,-1.8670107406019731,UNKNOWN
2022-03-18T16:28,-1.8670107406019731,UNKNOWN
2022-03-18T16:29,-1.967010740601971,UNKNOWN
2022-03-18T16:30,-2.0670107406019724,UNKNOWN
2022-03-18T16:31,-2.167010740601974,UNKNOWN
2022-03-18T16:32,-2.2670107406019717,UNKNOWN
2022-03-18T16:33,-2.2670107406019717,UNKNOWN
2022-03-18T16:34,-2.2670107406019717,UNKNOWN
2022-03-18T16:35,-2.367010740601973,UNKNOWN
2022-03-18T16:36,-2.367010740601973,UNKNOWN
2022-03-18T16:37,-2.167010740601974,UNKNOWN
2022-03-18T16:38,-2.167010740601974,UNKNOWN
2022-03-18T16:39,-2.167010740601974,UNKNOWN
2022-03-18T16:40,-2.2670107406019717,UNKNOWN
2022-03-18T16:41,-2.367010740601973,UNKNOWN
2022-03-18T16:42,-2.367010740601973,UNKNOWN
2022-03-18T16:43,-2.467010740601971,UNKNOWN
2022-03-18T16:44,-2.367010740601973,UNKNOWN
2022-03-18T16:45,-2.2670107406019717,UNKNOWN
2022-03-18T16:46,-2.2670107406019717,UNKNOWN
2022-03-18T16:47,-2.167010740601974,UNKNOWN
2022-03-18T16:48,-2.2670107406019717,UNKNOWN
2022-03-18T16:49,-2.167010740601974,UNKNOWN
2022-03-18T16:50,-2.2670107406019717,UNKNOWN
2022-03-18T16:51,-2.2670107406019717,UNKNOWN
2022-03-18T16:52,-2.2670107406019717,UNKNOWN
2022-03-18T16:53,-2.2670107406019717,UNKNOWN
2022-03-18T16:54,-2.2670107406019717,UNKNOWN
2022-03-18T16:55,-2.167010740601974,UNKNOWN
2022-03-18T16:56,-2.2670107406019717,UNKNOWN
2022-03-18T16:57,-2.0670107406019724,UNKNOWN
2022-03-18T16:58,-2.167010740601974,UNKNOWN
2022-03-18T16:59,-2.167010740601974,UNKNOWN
2022-03-18T17:00,-2.167010740601974,UNKNOWN
2022-03-18T17:01,-2.167010740601974,UNKNOWN
2022-03-18T17:02,-2.167010740601974,UNKNOWN
2022-03-18T17:03,-2.167010740601974,UNKNOWN
2022-03-18T17:04,-2.0670107406019724,UNKNOWN
2022-03-18T17:05,-2.0670107406019724,UNKNOWN
2022-03-18T17:06,-1.967010740601971,UNKNOWN
2022-03-18T17:07,-2.0670107406019724,UNKNOWN
2022-03-18T17:08,-2.2670107406019717,UNKNOWN
2022-03-18T17:09,-2.367010740601973,UNKNOWN
2022-03-18T17:10,-2.367010740601973,UNKNOWN
2022-03-18T17:11,-2.2670107406019717,UNKNOWN
2022-03-18T17:12,-2.2670107406019717,UNKNOWN
2022-03-18T17:13,-2.167010740601974,UNKNOWN
2022-03-18T17:14,-2.167010740601974,UNKNOWN
2022-03-18T17:15,-2.0670107406019724,UNKNOWN
2022-03-18T17:16,-2.0670107406019724,UNKNOWN
2022-03-18T17:17,-1.967010740601971,UNKNOWN
2022-03-18T17:18,-1.967010740601971,UNKNOWN
2022-03-18T17:19,-1.7670107406019717,UNKNOWN
2022-03-18T17:20,-1.8670107406019731,UNKNOWN
2022-03-18T17:21,-1.967010740601971,UNKNOWN
2022-03-18T17:22,-1.8670107406019731,UNKNOWN
2022-03-18T17:23,-1.967010740601971,UNKNOWN
2022-03-18T17:24,-1.967010740601971,UNKNOWN
2022-03-18T17:25,-1.967010740601971,UNKNOWN
2022-03-18T17:26,-2.0670107406019724,UNKNOWN
2022-03-18T17:27,-1.967010740601971,UNKNOWN
2022-03-18T17:28,-1.967010740601971,UNKNOWN
2022-03-18T17:29,-1.967010740601971,UNKNOWN
2022-03-18T17:30,-2.0670107406019724,UNKNOWN
2022-03-18T17:31,-2.0670107406019724,UNKNOWN
2022-03-18T17:32,-2.0670107406019724,UNKNOWN
2022-03-18T17:33,-2.0670107406019724,UNKNOWN
2022-03-18T17:34,-2.0670107406019724,UNKNOWN
2022-03-18T17:35,-2.0670107406019724,UNKNOWN
2022-03-18T17:36,-1.967010740601971,UNKNOWN
2022-03-18T17:37,-2.0670107406019724,UNKNOWN
2022-03-18T17:38,-2.0670107406019724,UNKNOWN
2022-03-18T17:39,-2.0670107406019724,UNKNOWN
2022-03-18T17:40,-2.0670107406019724,UNKNOWN
2022-03-18T17:41,-1.967010740601971,UNKNOWN
2022-03-18T17:42,-1.8670107406019731,UNKNOWN
2022-03-18T17:43,-1.8670107406019731,UNKNOWN
2022-03-18T17:44,-1.7670107406019717,UNKNOWN
2022-03-18T17:45,-1.7670107406019717,UNKNOWN
2022-03-18T17:46,-1.7670107406019717,UNKNOWN
2022-03-18T17:47,-1.6670107406019739,UNKNOWN
2022-03-18T17:48,-1.6670107406019739,UNKNOWN
2022-03-18T17:49,-1.6670107406019739,UNKNOWN
2022-03-18T17:50,-1.6670107406019739,UNKNOWN
2022-03-18T17:51,-1.7670107406019717,UNKNOWN
2022-03-18T17:52,-1.8670107406019731,UNKNOWN
2022-03-18T17:53,-1.967010740601971,UNKNOWN
2022-03-18T17:54,-2.167010740601974,UNKNOWN
2022-03-18T17:55,-2.167010740601974,UNKNOWN
2022-03-18T17:56,-2.0670107406019724,UNKNOWN
2022-03-18T17:57,-2.367010740601973,UNKNOWN
2022-03-18T17:58,-2.467010740601971,UNKNOWN
2022-03-18T17:59,-2.367010740601973,UNKNOWN
2022-03-18T18:00,-2.367010740601973,UNKNOWN
2022-03-18T18:01,-2.367010740601973,UNKNOWN
2022-03-18T18:02,-2.467010740601971,UNKNOWN
2022-03-18T18:03,-2.7670107406019717,UNKNOWN
2022-03-18T18:04,-2.7670107406019717,UNKNOWN
2022-03-18T18:05,-2.667010740601974,UNKNOWN
2022-03-18T18:06,-2.367010740601973,UNKNOWN
2022-03-18T18:07,-2.467010740601971,UNKNOWN
2022-03-18T18:08,-2.467010740601971,UNKNOWN
2022-03-18T18:09,-2.367010740601973,UNKNOWN
2022-03-18T18:10,-2.167010740601974,UNKNOWN
2022-03-18T18:11,-2.167010740601974,UNKNOWN
2022-03-18T18:12,-2.2670107406019717,UNKNOWN
2022-03-18T18:13,-2.367010740601973,UNKNOWN
2022-03-18T18:14,-2.467010740601971,UNKNOWN
2022-03-18T18:15,-2.467010740601971,UNKNOWN
2022-03-18T18:16,-2.467010740601971,UNKNOWN
2022-03-18T18:17,-2.5670107406019724,UNKNOWN
2022-03-18T18:18,-2.7670107406019717,UNKNOWN
2022-03-18T18:19,-3.167010740601974,UNKNOWN
2022-03-18T18:20,-3.367010740601973,UNKNOWN
2022-03-18T18:21,-3.5670107406019724,UNKNOWN
2022-03-18T18:22,-3.667010740601974,UNKNOWN
2022-03-18T18:23,-3.667010740601974,UNKNOWN
2022-03-18T18:24,-3.5670107406019724,UNKNOWN
2022-03-18T18:25,-3.2670107406019717,UNKNOWN
2022-03-18T18:26,-3.0670107406019724,UNKNOWN
2022-03-18T18:27,-3.0670107406019724,UNKNOWN
2022-03-18T18:28,-2.967010740601971,UNKNOWN
2022-03-18T18:29,-2.7670107406019717,UNKNOWN
2022-03-18T18:30,-2.867010740601973,UNKNOWN
2022-03-18T18:31,-2.967010740601971,UNKNOWN
2022-03-18T18:32,-2.867010740601973,UNKNOWN
2022-03-18T18:33,-2.967010740601971,UNKNOWN
2022-03-18T18:34,-2.867010740601973,UNKNOWN
2022-03-18T18:35,-2.7670107406019717,UNKNOWN
2022-03-18T18:36,-2.867010740601973,UNKNOWN
2022-03-18T18:37,-2.967010740601971,UNKNOWN
2022-03-18T18:38,-3.0670107406019724,UNKNOWN
2022-03-18T18:39,-3.2670107406019717,UNKNOWN
2022-03-18T18:40,-3.467010740601971,UNKNOWN
2022-03-18T18:41,-3.667010740601974,UNKNOWN
2022-03-18T18:42,-3.867010740601973,UNKNOWN
2022-03-18T18:43,-4.067010740601972,UNKNOWN
2022-03-18T18:44,-4.267010740601972,UNKNOWN
2022-03-18T18:45,-4.567010740601972,UNKNOWN
2022-03-18T18:46,-4.867010740601973,UNKNOWN
2022-03-18T18:47,-4.867010740601973,UNKNOWN
2022-03-18T18:48,-4.767010740601972,UNKNOWN
2022-03-18T18:49,-4.567010740601972,UNKNOWN
2022-03-18T18:50,-4.467010740601971,UNKNOWN
2022-03-18T18:51,-4.167010740601974,UNKNOWN
2022-03-18T18:52,-3.867010740601973,UNKNOWN
2022-03-18T18:53,-3.867010740601973,UNKNOWN
2022-03-18T18:54,-3.7670107406019717,UNKNOWN
2022-03-18T18:55,-3.867010740601973,UNKNOWN
2022-03-18T18:56,-4.067010740601972,UNKNOWN
2022-03-18T18:57,-3.667010740601974,UNKNOWN
2022-03-18T18:58,-3.167010740601974,UNKNOWN
2022-03-18T18:59,-2.5670107406019724,UNKNOWN
2022-03-18T19:00,-2.167010740601974,UNKNOWN
2022-03-18T19:01,-1.6670107406019739,UNKNOWN
2022-03-18T19:02,-1.1670107406019739,UNKNOWN
2022-03-18T19:03,-1.1670107406019739,UNKNOWN
2022-03-18T19:04,-1.3670107406019731,UNKNOWN
2022-03-18T19:05,-1.6670107406019739,UNKNOWN
2022-03-18T19:06,-1.967010740601971,UNKNOWN
2022-03-18T19:07,-2.2670107406019717,UNKNOWN
2022-03-18T19:08,-2.5670107406019724,UNKNOWN
2022-03-18T19:09,-2.7670107406019717,UNKNOWN
2022-03-18T19:10,-2.867010740601973,UNKNOWN
2022-03-18T19:11,-3.167010740601974,UNKNOWN
2022-03-18T19:12,-3.167010740601974,UNKNOWN
2022-03-18T19:13,-3.167010740601974,UNKNOWN
2022-03-18T19:14,-3.2670107406019717,UNKNOWN
2022-03-18T19:15,-3.2670107406019717,UNKNOWN
2022-03-18T19:16,-3.2670107406019717,UNKNOWN
2022-03-18T19:17,-3.2670107406019717,UNKNOWN
2022-03-18T19:18,-3.367010740601973,UNKNOWN
2022-03-18T19:19,-3.367010740601973,UNKNOWN
2022-03-18T19:20,-3.467010740601971,UNKNOWN
2022-03-18T19:21,-3.467010740601971,UNKNOWN
2022-03-18T19:22,-3.467010740601971,UNKNOWN
2022-03-18T19:23,-3.467010740601971,UNKNOWN
2022-03-18T19:24,-3.467010740601971,UNKNOWN
2022-03-18T19:25,-3.467010740601971,UNKNOWN
2022-03-18T19:26,-3.467010740601971,UNKNOWN
2022-03-18T19:27,-3.467010740601971,UNKNOWN
2022-03-18T19:28,-3.467010740601971,UNKNOWN
2022-03-18T19:29,-3.467010740601971,UNKNOWN
2022-03-18T19:30,-3.467010740601971,UNKNOWN
2022-03-18T19:31,-3.467010740601971,UNKNOWN
2022-03-18T19:32,-3.5670107406019724,UNKNOWN
2022-03-18T19:33,-3.667010740601974,UNKNOWN
2022-03-18T19:34,-3.467010740601971,UNKNOWN
2022-03-18T19:35,-3.367010740601973,UNKNOWN
2022-03-18T19:36,-3.367010740601973,UNKNOWN
2022-03-18T19:37,-3.667010740601974,UNKNOWN
2022-03-18T19:38,-3.967010740601971,UNKNOWN
2022-03-18T19:39,-4.067010740601972,UNKNOWN
2022-03-18T19:40,-4.267010740601972,UNKNOWN
2022-03-18T19:41,-4.167010740601974,UNKNOWN
2022-03-18T19:42,-4.367010740601973,UNKNOWN
2022-03-18T19:43,-4.567010740601972,UNKNOWN
2022-03-18T19:44,-4.767010740601972,UNKNOWN
2022-03-18T19:45,-4.767010740601972,UNKNOWN
2022-03-18T19:46,-4.767010740601972,UNKNOWN
2022-03-18T19:47,-4.667010740601974,UNKNOWN
2022-03-18T19:48,-4.567010740601972,UNKNOWN
2022-03-18T19:49,-4.467010740601971,UNKNOWN
2022-03-18T19:50,-4.567010740601972,UNKNOWN
2022-03-18T19:51,-4.567010740601972,UNKNOWN
2022-03-18T19:52,-4.667010740601974,UNKNOWN
2022-03-18T19:53,-4.567010740601972,UNKNOWN
2022-03-18T19:54,-4.367010740601973,UNKNOWN
2022-03-18T19:55,-4.267010740601972,UNKNOWN
2022-03-18T19:56,-4.167010740601974,UNKNOWN
2022-03-18T19:57,-4.267010740601972,UNKNOWN
2022-03-18T19:58,-4.167010740601974,UNKNOWN
2022-03-18T19:59,-4.267010740601972,UNKNOWN
2022-03-18T20:00,-4.267010740601972,UNKNOWN
2022-03-18T20:01,-4.267010740601972,UNKNOWN
2022-03-18T20:02,-4.367010740601973,UNKNOWN
2022-03-18T20:03,-4.467010740601971,UNKNOWN
2022-03-18T20:04,-4.567010740601972,UNKNOWN
2022-03-18T20:05,-4.767010740601972,UNKNOWN
2022-03-18T20:06,-4.767010740601972,UNKNOWN
2022-03-18T20:07,-4.767010740601972,UNKNOWN
2022-03-18T20:08,-4.667010740601974,UNKNOWN
2022-03-18T20:09,-4.467010740601971,UNKNOWN
2022-03-18T20:10,-4.367010740601973,UNKNOWN
2022-03-18T20:11,-4.267010740601972,UNKNOWN
2022-03-18T20:12,-4.167010740601974,UNKNOWN
2022-03-18T20:13,-4.167010740601974,UNKNOWN
2022-03-18T20:14,-4.067010740601972,UNKNOWN
2022-03-18T20:15,-3.967010740601971,UNKNOWN
2022-03-18T20:16,-3.967010740601971,UNKNOWN
2022-03-18T20:17,-3.967010740601971,UNKNOWN
2022-03-18T20:18,-3.867010740601973,UNKNOWN
2022-03-18T20:19,-3.867010740601973,UNKNOWN
2022-03-18T20:20,-3.7670107406019717,UNKNOWN
2022-03-18T20:21,-3.7670107406019717,UNKNOWN
2022-03-18T20:22,-3.7670107406019717,UNKNOWN
2022-03-18T20:23,-3.667010740601974,UNKNOWN
2022-03-18T20:24,-3.667010740601974,UNKNOWN
2022-03-18T20:25,-3.5670107406019724,UNKNOWN
2022-03-18T20:26,-3.5670107406019724,UNKNOWN
2022-03-18T20:27,-3.467010740601971,UNKNOWN
2022-03-18T20:28,-3.467010740601971,UNKNOWN
2022-03-18T20:29,-3.367010740601973,UNKNOWN
2022-03-18T20:30,-3.367010740601973,UNKNOWN
2022-03-18T20:31,-3.2670107406019717,UNKNOWN
2022-03-18T20:32,-3.2670107406019717,UNKNOWN
2022-03-18T20:33,-3.2670107406019717,UNKNOWN
2022-03-18T20:34,-3.2670107406019717,UNKNOWN
2022-03-18T20:35,-3.2670107406019717,UNKNOWN
2022-03-18T20:36,-3.2670107406019717,UNKNOWN
2022-03-18T20:37,-3.2670107406019717,UNKNOWN
2022-03-18T20:38,-3.2670107406019717,UNKNOWN
2022-03-18T20:39,-3.367010740601973,UNKNOWN
2022-03-18T20:40,-3.2670107406019717,UNKNOWN
2022-03-18T20:41,-3.467010740601971,UNKNOWN
2022-03-18T20:42,-3.467010740601971,UNKNOWN
2022-03-18T20:43,-3.367010740601973,UNKNOWN
2022-03-18T20:44,-3.5670107406019724,UNKNOWN
2022-03-18T20:45,-3.5670107406019724,UNKNOWN
2022-03-18T20:46,-3.667010740601974,UNKNOWN
2022-03-18T20:47,-3.7670107406019717,UNKNOWN
2022-03-18T20:48,-3.867010740601973,UNKNOWN
2022-03-18T20:49,-3.867010740601973,UNKNOWN
2022-03-18T20:50,-3.867010740601973,UNKNOWN
2022-03-18T20:51,-3.867010740601973,UNKNOWN
2022-03-18T20:52,-3.967010740601971,UNKNOWN
2022-03-18T20:53,-3.967010740601971,UNKNOWN
2022-03-18T20:54,-4.167010740601974,UNKNOWN
2022-03-18T20:55,-5.367010740601973,UNKNOWN
2022-03-18T20:56,-6.067010740601972,UNKNOWN
2022-03-18T20:57,-6.067010740601972,UNKNOWN
2022-03-18T20:58,-5.967010740601971,UNKNOWN
2022-03-18T20:59,-5.667010740601974,UNKNOWN
2022-03-18T21:00,-5.367010740601973,UNKNOWN
2022-03-18T21:01,-5.167010740601974,UNKNOWN
2022-03-18T21:02,-4.967010740601971,UNKNOWN
2022-03-18T21:03,-4.767010740601972,UNKNOWN
2022-03-18T21:04,-4.667010740601974,UNKNOWN
2022-03-18T21:05,-4.567010740601972,UNKNOWN
2022-03-18T21:06,-4.467010740601971,UNKNOWN
2022-03-18T21:07,-4.467010740601971,UNKNOWN
2022-03-18T21:08,-4.767010740601972,UNKNOWN
2022-03-18T21:09,-4.967010740601971,UNKNOWN
2022-03-18T21:10,-5.267010740601972,UNKNOWN
2022-03-18T21:11,-5.267010740601972,UNKNOWN
2022-03-18T21:12,-5.167010740601974,UNKNOWN
2022-03-18T21:13,-5.167010740601974,UNKNOWN
2022-03-18T21:14,-5.067010740601972,UNKNOWN
2022-03-18T21:15,-4.967010740601971,UNKNOWN
2022-03-18T21:16,-4.967010740601971,UNKNOWN
2022-03-18T21:17,-5.067010740601972,UNKNOWN
2022-03-18T21:18,-5.067010740601972,UNKNOWN
2022-03-18T21:19,-4.967010740601971,UNKNOWN
2022-03-18T21:20,-4.767010740601972,UNKNOWN
2022-03-18T21:21,-4.367010740601973,UNKNOWN
2022-03-18T21:22,-4.267010740601972,UNKNOWN
2022-03-18T21:23,-4.267010740601972,UNKNOWN
2022-03-18T21:24,-4.067010740601972,UNKNOWN
2022-03-18T21:25,-3.7670107406019717,UNKNOWN
2022-03-18T21:26,-3.7670107406019717,UNKNOWN
2022-03-18T21:27,-3.7670107406019717,UNKNOWN
2022-03-18T21:28,-3.867010740601973,UNKNOWN
2022-03-18T21:29,-3.7670107406019717,UNKNOWN
2022-03-18T21:30,-3.7670107406019717,UNKNOWN
2022-03-18T21:31,-3.7670107406019717,UNKNOWN
2022-03-18T21:32,-3.867010740601973,UNKNOWN
2022-03-18T21:33,-3.967010740601971,UNKNOWN
2022-03-18T21:34,-3.867010740601973,UNKNOWN
2022-03-18T21:35,-3.667010740601974,UNKNOWN
2022-03-18T21:36,-3.5670107406019724,UNKNOWN
2022-03-18T21:37,-3.367010740601973,UNKNOWN
2022-03-18T21:38,-3.167010740601974,UNKNOWN
2022-03-18T21:39,-2.967010740601971,UNKNOWN
2022-03-18T21:40,-2.867010740601973,UNKNOWN
2022-03-18T21:41,-2.967010740601971,UNKNOWN
2022-03-18T21:42,-3.167010740601974,UNKNOWN
2022-03-18T21:43,-3.367010740601973,UNKNOWN
2022-03-18T21:44,-3.5670107406019724,UNKNOWN
2022-03-18T21:45,-3.7670107406019717,UNKNOWN
2022-03-18T21:46,-3.867010740601973,UNKNOWN
2022-03-18T21:47,-3.867010740601973,UNKNOWN
2022-03-18T21:48,-4.067010740601972,UNKNOWN
2022-03-18T21:49,-4.067010740601972,UNKNOWN
2022-03-18T21:50,-4.067010740601972,UNKNOWN
2022-03-18T21:51,-4.067010740601972,UNKNOWN
2022-03-18T21:52,-4.267010740601972,UNKNOWN
2022-03-18T21:53,-4.567010740601972,UNKNOWN
2022-03-18T21:54,-4.567010740601972,UNKNOWN
2022-03-18T21:55,-4.767010740601972,UNKNOWN
2022-03-18T21:56,-4.867010740601973,UNKNOWN
2022-03-18T21:57,-4.967010740601971,UNKNOWN
2022-03-18T21:58,-4.867010740601973,UNKNOWN
2022-03-18T21:59,-4.767010740601972,UNKNOWN
2022-03-18T22:00,-4.767010740601972,UNKNOWN
2022-03-18T22:01,-5.067010740601972,UNKNOWN
2022-03-18T22:02,-4.967010740601971,UNKNOWN
2022-03-18T22:03,-4.767010740601972,UNKNOWN
2022-03-18T22:04,-4.667010740601974,UNKNOWN
2022-03-18T22:05,-4.667010740601974,UNKNOWN
2022-03-18T22:06,-4.767010740601972,UNKNOWN
2022-03-18T22:07,-4.567010740601972,UNKNOWN
2022-03-18T22:08,-4.567010740601972,UNKNOWN
2022-03-18T22:09,-4.567010740601972,UNKNOWN
2022-03-18T22:10,-4.667010740601974,UNKNOWN
2022-03-18T22:11,-5.067010740601972,UNKNOWN
2022-03-18T22:12,-5.367010740601973,UNKNOWN
2022-03-18T22:13,-5.467010740601971,UNKNOWN
2022-03-18T22:14,-5.567010740601972,UNKNOWN
2022-03-18T22:15,-5.467010740601971,UNKNOWN
2022-03-18T22:16,-5.367010740601973,UNKNOWN
2022-03-18T22:17,-5.367010740601973,UNKNOWN
2022-03-18T22:18,-5.367010740601973,UNKNOWN
2022-03-18T22:19,-5.267010740601972,UNKNOWN
2022-03-18T22:20,-5.067010740601972,UNKNOWN
2022-03-18T22:21,-4.767010740601972,UNKNOWN
2022-03-18T22:22,-4.167010740601974,UNKNOWN
2022-03-18T22:23,-3.7670107406019717,UNKNOWN
2022-03-18T22:24,-3.667010740601974,UNKNOWN
2022-03-18T22:25,-3.5670107406019724,UNKNOWN
2022-03-18T22:26,-3.467010740601971,UNKNOWN
2022-03-18T22:27,-3.667010740601974,UNKNOWN
2022-03-18T22:28,-3.667010740601974,UNKNOWN
2022-03-18T22:29,-3.667010740601974,UNKNOWN
2022-03-18T22:30,-3.667010740601974,UNKNOWN
2022-03-18T22:31,-3.7670107406019717,UNKNOWN
2022-03-18T22:32,-3.867010740601973,UNKNOWN
2022-03-18T22:33,-3.967010740601971,UNKNOWN
2022-03-18T22:34,-3.967010740601971,UNKNOWN
2022-03-18T22:35,-4.067010740601972,UNKNOWN
2022-03-18T22:36,-4.167010740601974,UNKNOWN
2022-03-18T22:37,-4.267010740601972,UNKNOWN
2022-03-18T22:38,-4.367010740601973,UNKNOWN
2022-03-18T22:39,-4.367010740601973,UNKNOWN
2022-03-18T22:40,-4.567010740601972,UNKNOWN
2022-03-18T22:41,-4.767010740601972,UNKNOWN
2022-03-18T22:42,-4.767010740601972,UNKNOWN
2022-03-18T22:43,-4.567010740601972,UNKNOWN
2022-03-18T22:44,-4.567010740601972,UNKNOWN
2022-03-18T22:45,-4.567010740601972,UNKNOWN
2022-03-18T22:46,-4.767010740601972,UNKNOWN
2022-03-18T22:47,-4.967010740601971,UNKNOWN
2022-03-18T22:48,-5.167010740601974,UNKNOWN
2022-03-18T22:49,-5.367010740601973,UNKNOWN
2022-03-18T22:50,-5.367010740601973,UNKNOWN
2022-03-18T22:51,-5.167010740601974,UNKNOWN
2022-03-18T22:52,-4.967010740601971,UNKNOWN
2022-03-18T22:53,-4.767010740601972,UNKNOWN
2022-03-18T22:54,-4.967010740601971,UNKNOWN
2022-03-18T22:55,-4.967010740601971,UNKNOWN
2022-03-18T22:56,-5.067010740601972,UNKNOWN
2022-03-18T22:57,-5.167010740601974,UNKNOWN
2022-03-18T22:58,-4.967010740601971,UNKNOWN
2022-03-18T22:59,-4.967010740601971,UNKNOWN
2022-03-18T23:00,-4.867010740601973,UNKNOWN
2022-03-18T23:01,-4.867010740601973,UNKNOWN
2022-03-18T23:02,-4.867010740601973,UNKNOWN
2022-03-18T23:03,-4.867010740601973,UNKNOWN
2022-03-18T23:04,-4.967010740601971,UNKNOWN
2022-03-18T23:05,-4.867010740601973,UNKNOWN
2022-03-18T23:06,-4.567010740601972,UNKNOWN
2022-03-18T23:07,-4.367010740601973,UNKNOWN
2022-03-18T23:08,-4.167010740601974,UNKNOWN
2022-03-18T23:09,-4.267010740601972,UNKNOWN
2022-03-18T23:10,-4.367010740601973,UNKNOWN
2022-03-18T23:11,-4.267010740601972,UNKNOWN
2022-03-18T23:12,-4.167010740601974,UNKNOWN
2022-03-18T23:13,-4.067010740601972,UNKNOWN
2022-03-18T23:14,-3.667010740601974,UNKNOWN
2022-03-18T23:15,-3.167010740601974,UNKNOWN
2022-03-18T23:16,-2.7670107406019717,UNKNOWN
2022-03-18T23:17,-2.7670107406019717,UNKNOWN
2022-03-18T23:18,-2.867010740601973,UNKNOWN
2022-03-18T23:19,-2.867010740601973,UNKNOWN
2022-03-18T23:20,-3.167010740601974,UNKNOWN
2022-03-18T23:21,-3.167010740601974,UNKNOWN
2022-03-18T23:22,-2.967010740601971,UNKNOWN
2022-03-18T23:23,-3.167010740601974,UNKNOWN
2022-03-18T23:24,-3.167010740601974,UNKNOWN
2022-03-18T23:25,-3.167010740601974,UNKNOWN
2022-03-18T23:26,-3.167010740601974,UNKNOWN
2022-03-18T23:27,-3.167010740601974,UNKNOWN
2022-03-18T23:28,-3.0670107406019724,UNKNOWN
2022-03-18T23:29,-3.2670107406019717,UNKNOWN
2022-03-18T23:30,-3.2670107406019717,UNKNOWN
2022-03-18T23:31,-3.367010740601973,UNKNOWN
2022-03-18T23:32,-3.667010740601974,UNKNOWN
2022-03-18T23:33,-3.667010740601974,UNKNOWN
2022-03-18T23:34,-3.667010740601974,UNKNOWN
2022-03-18T23:35,-3.5670107406019724,UNKNOWN
2022-03-18T23:36,-3.467010740601971,UNKNOWN
2022-03-18T23:37,-3.2670107406019717,UNKNOWN
2022-03-18T23:38,-3.167010740601974,UNKNOWN
2022-03-18T23:39,-2.867010740601973,UNKNOWN
2022-03-18T23:40,-2.867010740601973,UNKNOWN
2022-03-18T23:41,-2.867010740601973,UNKNOWN
2022-03-18T23:42,-2.867010740601973,UNKNOWN
2022-03-18T23:43,-3.0670107406019724,UNKNOWN
2022-03-18T23:44,-3.167010740601974,UNKNOWN
2022-03-18T23:45,-3.167010740601974,UNKNOWN
2022-03-18T23:46,-3.0670107406019724,UNKNOWN
2022-03-18T23:47,-3.167010740601974,UNKNOWN
2022-03-18T23:48,-3.2670107406019717,UNKNOWN
2022-03-18T23:49,-3.367010740601973,UNKNOWN
2022-03-18T23:50,-3.467010740601971,UNKNOWN
2022-03-18T23:51,-3.5670107406019724,UNKNOWN
2022-03-18T23:52,-3.467010740601971,UNKNOWN
2022-03-18T23:53,-3.467010740601971,UNKNOWN
2022-03-18T23:54,-3.5670107406019724,UNKNOWN
2022-03-18T23:55,-3.467010740601971,UNKNOWN
2022-03-18T23:56,-3.5670107406019724,UNKNOWN
2022-03-18T23:57,-3.667010740601974,UNKNOWN
2022-03-18T23:58,-3.667010740601974,UNKNOWN
2022-03-18T23:59,-3.667010740601974,UNKNOWN